0,1,2,3,4,5,6,7,8,9,10,11,12,13,14,15,16,17,18,19,20,21,22,23,24,25,26,27
Оглавление:,Оглавление:,Оглавление:,Оглавление:,Оглавление:,Оглавление:,Оглавление:,Оглавление:,Оглавление:,Оглавление:,Оглавление:,Оглавление:,Оглавление:,Оглавление:,…в начало,…в начало,…в начало,…в начало,…в начало,…в начало,…в начало,…в начало,…в начало,…в начало,…в начало,…в начало,…в начало,…в начало
А,Б,В,Г,Д,Е,Ж,З,И,К,Л,М,Н,О,П,Р,С,Т,У,Ф,Х,Ц,Ч,Ш,Щ,Э,Ю,Я
Ав,Бв,Вв,Гв,Дв,Ев,Жв,Зв,Ив,Кв,Лв,Мв,Нв,Ов,Пв,Рв,Св,Тв,Ув,Фв,Хв,Цв,Чв,Шв,Щв,Эв,Юв,Яв
Ад,Бд,Вд,Гд,Дд,Ед,Жд,Зд,Ид,Кд,Лд,Мд,Нд,Од,Пд,Рд,Сд,Тд,Уд,Фд,Хд,Цд,Чд,Шд,Щд,Эд,Юд,Яд
Аж,Бж,Вж,Гж,Дж,Еж,Жж,Зж,Иж,Кж,Лж,Мж,Нж,Ож,Пж,Рж,Сж,Тж,Уж,Фж,Хж,Цж,Чж,Шж,Щж,Эж,Юж,Яж
Аи,Би,Ви,Ги,Ди,Еи,Жи,Зи,Ии,Ки,Ли,Ми,Ни,Ои,Пи,Ри,Си,Ти,Уи,Фи,Хи,Ци,Чи,Ши,Щи,Эи,Юи,Яи
Ал,Бл,Вл,Гл,Дл,Ел,Жл,Зл,Ил,Кл,Лл,Мл,Нл,Ол,Пл,Рл,Сл,Тл,Ул,Фл,Хл,Цл,Чл,Шл,Щл,Эл,Юл,Ял
Ан,Бн,Вн,Гн,Дн,Ен,Жн,Зн,Ин,Кн,Лн,Мн,Нн,Он,Пн,Рн,Сн,Тн,Ун,Фн,Хн,Цн,Чн,Шн,Щн,Эн,Юн,Ян
Ап,Бп,Вп,Гп,Дп,Еп,Жп,Зп,Ип,Кп,Лп,Мп,Нп,Оп,Пп,Рп,Сп,Тп,Уп,Фп,Хп,Цп,Чп,Шп,Щп,Эп,Юп,Яп
Ас,Бс,Вс,Гс,Дс,Ес,Жс,Зс,Ис,Кс,Лс,Мс,Нс,Ос,Пс,Рс,Сс,Тс,Ус,Фс,Хс,Цс,Чс,Шс,Щс,Эс,Юс,Яс
Ау,Бу,Ву,Гу,Ду,Еу,Жу,Зу,Иу,Ку,Лу,Му,Ну,Оу,Пу,Ру,Су,Ту,Уу,Фу,Ху,Цу,Чу,Шу,Щу,Эу,Юу,Яу
Ах,Бх,Вх,Гх,Дх,Ех,Жх,Зх,Их,Кх,Лх,Мх,Нх,Ох,Пх,Рх,Сх,Тх,Ух,Фх,Хх,Цх,Чх,Шх,Щх,Эх,Юх,Ях
Ач,Бч,Вч,Гч,Дч,Еч,Жч,Зч,Ич,Кч,Лч,Мч,Нч,Оч,Пч,Рч,Сч,Тч,Уч,Фч,Хч,Цч,Чч,Шч,Щч,Эч,Юч,Яч
Ащ,Бщ,Вщ,Гщ,Дщ,Ещ,Жщ,Зщ,Ищ,Кщ,Лщ,Мщ,Нщ,Ощ,Пщ,Рщ,Сщ,Тщ,Ущ,Фщ,Хщ,Цщ,Чщ,Шщ,Щщ,Эщ,Ющ,Ящ
Аю,Бю,Вю,Гю,Дю,Ею,Жю,Зю,Ию,Кю,Лю,Мю,Ню,Ою,Пю,Рю,Сю,Тю,Ую,Фю,Хю,Цю,Чю,Шю,Щю,Эю,Юю,Яю
